{
  "device": "NVIDIA B200",
  "cap": [
    10,
    0
  ],
  "rows": [
    {
      "N": 2048,
      "D": 128,
      "K": 4096,
      "triton_exact": 1.0,
      "triton_tie_ok": 1.0,
      "cutedsl_api_exact": 1.0,
      "cutedsl_api_tie_ok": 1.0,
      "cutedsl_bw_exact": 1.0,
      "cutedsl_bw_tie_ok": 1.0,
      "cake_exact": 1.0,
      "cake_tie_ok": 1.0,
      "triton_ms": 0.3302080035209656,
      "triton_tflops": 6.503427006921871,
      "cutedsl_api_ms": 0.12243199720978737,
      "cutedsl_api_tflops": 17.54021576827081,
      "cutedsl_bw_ms": 0.10036799684166908,
      "cutedsl_bw_tflops": 21.39609950956443,
      "cake_ms": 0.13007999956607819,
      "cake_tflops": 16.508945688526996
    },
    {
      "N": 4096,
      "D": 256,
      "K": 4096,
      "triton_exact": 1.0,
      "triton_tie_ok": 1.0,
      "cutedsl_api_exact": 1.0,
      "cutedsl_api_tie_ok": 1.0,
      "cutedsl_bw_exact": 1.0,
      "cutedsl_bw_tie_ok": 1.0,
      "cake_exact": 1.0,
      "cake_tie_ok": 1.0,
      "triton_ms": 0.5299359858036041,
      "triton_tflops": 16.209381551951175,
      "cutedsl_api_ms": 0.1254880055785179,
      "cutedsl_api_tflops": 68.45223615116963,
      "cutedsl_bw_ms": 0.10241599753499031,
      "cutedsl_bw_tflops": 83.87297686638514,
      "cake_ms": 0.11216000095009804,
      "cake_tflops": 76.58643472927406
    },
    {
      "N": 16384,
      "D": 128,
      "K": 256,
      "triton_exact": 1.0,
      "triton_tie_ok": 1.0,
      "cutedsl_api_exact": 1.0,
      "cutedsl_api_tie_ok": 1.0,
      "cutedsl_bw_exact": 1.0,
      "cutedsl_bw_tie_ok": 1.0,
      "cake_exact": 1.0,
      "cake_tie_ok": 1.0,
      "triton_ms": 0.09166400134563446,
      "triton_tflops": 11.713887766597454,
      "cutedsl_api_ms": 0.10179200023412704,
      "cutedsl_api_tflops": 10.548391047728076,
      "cutedsl_bw_ms": 0.07676799967885017,
      "cutedsl_bw_tflops": 13.986841242338887,
      "cake_ms": 0.09039999917149544,
      "cake_tflops": 11.877675153105177
    },
    {
      "N": 65536,
      "D": 128,
      "K": 1024,
      "triton_exact": 1.0,
      "triton_tie_ok": 1.0,
      "cutedsl_api_exact": 1.0,
      "cutedsl_api_tie_ok": 1.0,
      "cutedsl_bw_exact": 1.0,
      "cutedsl_bw_tie_ok": 1.0,
      "cake_exact": 1.0,
      "cake_tie_ok": 1.0,
      "triton_ms": 0.28777599334716797,
      "triton_tflops": 59.698757301393464,
      "cutedsl_api_ms": 0.10963200032711029,
      "cutedsl_api_tflops": 156.70487752426502,
      "cutedsl_bw_ms": 0.0870399996638298,
      "cutedsl_bw_tflops": 197.37901252703287,
      "cake_ms": 0.1013919971883297,
      "cake_tflops": 169.44009054372802
    },
    {
      "N": 65536,
      "D": 128,
      "K": 4096,
      "triton_exact": 1.0,
      "triton_tie_ok": 1.0,
      "cutedsl_api_exact": 1.0,
      "cutedsl_api_tie_ok": 1.0,
      "cutedsl_bw_exact": 1.0,
      "cutedsl_bw_tie_ok": 1.0,
      "cake_exact": 1.0,
      "cake_tie_ok": 1.0,
      "triton_ms": 0.9333920180797577,
      "triton_tflops": 73.62338160698516,
      "cutedsl_api_ms": 0.17000000178813934,
      "cutedsl_api_tflops": 404.2322118422146,
      "cutedsl_bw_ms": 0.14441600441932678,
      "cutedsl_bw_tflops": 475.8439136459274,
      "cake_ms": 0.17716799676418304,
      "cake_tflops": 387.87748346823656
    },
    {
      "N": 262144,
      "D": 128,
      "K": 1024,
      "triton_exact": 1.0,
      "triton_tie_ok": 1.0,
      "cutedsl_api_exact": 1.0,
      "cutedsl_api_tie_ok": 1.0,
      "cutedsl_bw_exact": 1.0,
      "cutedsl_bw_tie_ok": 1.0,
      "cake_exact": 1.0,
      "cake_tie_ok": 1.0,
      "triton_ms": 0.9042079746723175,
      "triton_tflops": 75.99963577063535,
      "cutedsl_api_ms": 0.166703999042511,
      "cutedsl_api_tflops": 412.2245244907168,
      "cutedsl_bw_ms": 0.14286400377750397,
      "cutedsl_bw_tflops": 481.0132357974759,
      "cake_ms": 0.17716799676418304,
      "cake_tflops": 387.87748346823656
    },
    {
      "N": 1048576,
      "D": 128,
      "K": 1024,
      "triton_exact": 0.9999990463256836,
      "triton_tie_ok": 1.0,
      "cutedsl_api_exact": 0.9999990463256836,
      "cutedsl_api_tie_ok": 1.0,
      "cutedsl_bw_exact": 0.9999990463256836,
      "cutedsl_bw_tie_ok": 1.0,
      "cake_exact": 0.9999990463256836,
      "cake_tie_ok": 1.0,
      "triton_ms": 3.3639200925827026,
      "triton_tflops": 81.7135661308049,
      "cutedsl_api_ms": 0.4249600023031235,
      "cutedsl_api_tflops": 646.832420590797,
      "cutedsl_bw_ms": 0.3829919993877411,
      "cutedsl_bw_tflops": 717.7118774894136,
      "cake_ms": 0.4352959990501404,
      "cake_tflops": 631.47354339073
    },
    {
      "N": 65536,
      "D": 64,
      "K": 1024,
      "triton_exact": 1.0,
      "triton_tie_ok": 1.0,
      "cutedsl_api_exact": 1.0,
      "cutedsl_api_tie_ok": 1.0,
      "cutedsl_bw_exact": 1.0,
      "cutedsl_bw_tie_ok": 1.0,
      "cake_exact": 1.0,
      "cake_tie_ok": 1.0,
      "triton_ms": 0.20075199753046036,
      "triton_tflops": 42.7887876467911,
      "cutedsl_api_ms": 0.10764800012111664,
      "cutedsl_api_tflops": 79.79650882817438,
      "cutedsl_bw_ms": 0.08447999879717827,
      "cutedsl_bw_tflops": 101.68009841741278,
      "cake_ms": 0.10393599793314934,
      "cake_tflops": 82.64638587994283
    },
    {
      "N": 262144,
      "D": 64,
      "K": 4096,
      "triton_exact": 1.0,
      "triton_tie_ok": 1.0,
      "cutedsl_api_exact": 1.0,
      "cutedsl_api_tie_ok": 1.0,
      "cutedsl_bw_exact": 1.0,
      "cutedsl_bw_tie_ok": 1.0,
      "cake_exact": 1.0,
      "cake_tie_ok": 1.0,
      "triton_ms": 2.1104800701141357,
      "triton_tflops": 65.12212809693447,
      "cutedsl_api_ms": 0.3497120141983032,
      "cutedsl_api_tflops": 393.00609613619287,
      "cutedsl_bw_ms": 0.32104000449180603,
      "cutedsl_bw_tflops": 428.10538110214827,
      "cake_ms": 0.3906719982624054,
      "cake_tflops": 351.8013937095267
    },
    {
      "N": 65536,
      "D": 256,
      "K": 1024,
      "triton_exact": 1.0,
      "triton_tie_ok": 1.0,
      "cutedsl_api_exact": 1.0,
      "cutedsl_api_tie_ok": 1.0,
      "cutedsl_bw_exact": 1.0,
      "cutedsl_bw_tie_ok": 1.0,
      "cake_exact": 1.0,
      "cake_tie_ok": 1.0,
      "triton_ms": 0.462896004319191,
      "triton_tflops": 74.2277704870988,
      "cutedsl_api_ms": 0.13415999710559845,
      "cutedsl_api_tflops": 256.1101603256235,
      "cutedsl_bw_ms": 0.1085439994931221,
      "cutedsl_bw_tflops": 316.55124676124734,
      "cake_ms": 0.12543999776244164,
      "cake_tflops": 273.91373549823
    },
    {
      "N": 65536,
      "D": 256,
      "K": 4096,
      "triton_exact": 1.0,
      "triton_tie_ok": 1.0,
      "cutedsl_api_exact": 1.0,
      "cutedsl_api_tie_ok": 1.0,
      "cutedsl_bw_exact": 1.0,
      "cutedsl_bw_tie_ok": 1.0,
      "cake_exact": 1.0,
      "cake_tie_ok": 1.0,
      "triton_ms": 1.6266400218009949,
      "triton_tflops": 84.4925439125919,
      "cutedsl_api_ms": 0.23296000063419342,
      "cutedsl_api_tflops": 589.9680335587489,
      "cutedsl_bw_ms": 0.21086400002241135,
      "cutedsl_bw_tflops": 651.7895584708273,
      "cake_ms": 0.2252959981560707,
      "cake_tflops": 610.037260301406
    }
  ]
}